label,file,rms_mean,rms_std
0,0_0.wav,0.06394015997648239,0.046466805040836334
0,0_1.wav,0.11918654292821884,0.07808606326580048
0,0_10.wav,0.05594339221715927,0.01882247067987919
0,0_100.wav,0.07197259366512299,0.06070096045732498
0,0_101.wav,0.08558908849954605,0.0523749515414238
0,0_102.wav,0.10933532565832138,0.029522327706217766
0,0_103.wav,0.0527249351143837,0.04739272594451904
0,0_104.wav,0.01611979305744171,0.020730437710881233
0,0_105.wav,0.031227078288793564,0.00965774804353714
0,0_106.wav,0.03315415978431702,0.0037942740600556135
0,0_107.wav,0.03216487169265747,0.007588168606162071
0,0_108.wav,0.037711191922426224,0.004467378370463848
0,0_109.wav,0.13345903158187866,0.1096450611948967
0,0_11.wav,0.05395667999982834,0.01644049398601055
0,0_110.wav,0.05567508563399315,0.04626196250319481
0,0_111.wav,0.18993829190731049,0.06518694013357162
0,0_112.wav,0.14213603734970093,0.057549066841602325
0,0_113.wav,0.11437539011240005,0.08943948894739151
0,0_114.wav,0.11510679870843887,0.08653663843870163
0,0_115.wav,0.1038801372051239,0.08994127064943314
0,0_116.wav,0.09712740033864975,0.08926805853843689
0,0_117.wav,0.1513037085533142,0.09192436933517456
0,0_118.wav,0.1276925653219223,0.07602108269929886
0,0_119.wav,0.12932072579860687,0.09510812908411026
0,0_12.wav,0.06117456406354904,0.013574335724115372
0,0_120.wav,0.12868206202983856,0.09295333176851273
0,0_121.wav,0.07600104808807373,0.07067658007144928
0,0_122.wav,0.1701798141002655,0.07768504321575165
0,0_123.wav,0.15891432762145996,0.05803479999303818
0,0_124.wav,0.10011737793684006,0.08211302012205124
0,0_125.wav,0.12568449974060059,0.09203602373600006
0,0_126.wav,0.11000306904315948,0.08693104237318039
0,0_127.wav,0.07641081511974335,0.0749957337975502
0,0_128.wav,0.17024245858192444,0.08774244040250778
0,0_129.wav,0.12705659866333008,0.07575970143079758
0,0_13.wav,0.06096053868532181,0.020591890439391136
0,0_130.wav,0.11801747232675552,0.09633044898509979
0,0_131.wav,0.024471649900078773,0.03838825225830078
0,0_132.wav,0.04273029789328575,0.04008989408612251
0,0_133.wav,0.0349062941968441,0.03463798761367798
0,0_134.wav,0.04836743324995041,0.05502621829509735
0,0_135.wav,0.02715226635336876,0.03922224044799805
0,0_136.wav,0.019569173455238342,0.025433480739593506
0,0_137.wav,0.018936380743980408,0.034301646053791046
0,0_138.wav,0.145289808511734,0.11376894265413284
0,0_139.wav,0.0168097373098135,0.027551474049687386
0,0_14.wav,0.09161023795604706,0.0336608923971653
0,0_140.wav,0.07816145569086075,0.09676001965999603
0,0_141.wav,0.07669838517904282,0.09275463968515396
0,0_142.wav,0.09115829318761826,0.06555182486772537
0,0_143.wav,0.06276373565196991,0.043153949081897736
0,0_144.wav,0.07441843301057816,0.11151900887489319
0,0_145.wav,0.0324869342148304,0.05240406468510628
0,0_146.wav,0.04573998972773552,0.02910074032843113
0,0_147.wav,0.049521304666996,0.02094847522675991
0,0_148.wav,0.11560247093439102,0.09880290180444717
0,0_149.wav,0.14583727717399597,0.17356020212173462
0,0_15.wav,0.07698790729045868,0.035343609750270844
0,0_150.wav,0.06012708693742752,0.0634058490395546
0,0_151.wav,0.05365307629108429,0.021302366629242897
0,0_152.wav,0.050695933401584625,0.024266138672828674
0,0_153.wav,0.026085907593369484,0.012718518264591694
0,0_154.wav,0.028499575331807137,0.011296482756733894
0,0_155.wav,0.05286417156457901,0.01858515664935112
0,0_156.wav,0.04518723115324974,0.0146303316578269
0,0_157.wav,0.027385780587792397,0.013833466917276382
0,0_158.wav,0.05276358127593994,0.02329087257385254
0,0_159.wav,0.06659867614507675,0.03824092820286751
0,0_16.wav,0.06743893027305603,0.017524676397442818
0,0_160.wav,0.10833156108856201,0.013510403223335743
0,0_161.wav,0.12219651788473129,0.018021704629063606
0,0_162.wav,0.11182408034801483,0.01349828764796257
0,0_163.wav,0.12002109736204147,0.014316956512629986
0,0_164.wav,0.0992908924818039,0.020748261362314224
0,0_165.wav,0.05217915400862694,0.015366220846772194
0,0_166.wav,0.06186212971806526,0.032036393880844116
0,0_167.wav,0.06807548552751541,0.008944422006607056
0,0_168.wav,0.05855819955468178,0.006445957813411951
0,0_169.wav,0.05482560768723488,0.0069700004532933235
0,0_17.wav,0.08359345048666,0.05100046843290329
0,0_170.wav,0.04813797026872635,0.0049004927277565
0,0_171.wav,0.05543820559978485,0.007328749168664217
0,0_172.wav,0.05330735817551613,0.005136700347065926
0,0_173.wav,0.04498317465186119,0.004292698577046394
0,0_174.wav,0.04028543829917908,0.003647088771685958
0,0_175.wav,0.04715636745095253,0.01393117755651474
0,0_176.wav,0.037443507462739944,0.010658614337444305
0,0_177.wav,0.025223959237337112,0.002912989817559719
0,0_178.wav,0.022411249577999115,0.0022075066808611155
0,0_179.wav,0.021744851022958755,0.001357894972898066
0,0_18.wav,0.08015453815460205,0.03584982827305794
0,0_180.wav,0.04844697192311287,0.01929689198732376
0,0_181.wav,0.06212358921766281,0.0035259907599538565
0,0_182.wav,0.06162003427743912,0.003157008206471801
0,0_183.wav,0.05991942808032036,0.003308206098154187
0,0_184.wav,0.0553109385073185,0.0030319925863295794
0,0_185.wav,0.0517503023147583,0.0029330106917768717
0,0_186.wav,0.04974545165896416,0.003358034184202552
0,0_187.wav,0.04656103253364563,0.0028178063221275806
0,0_188.wav,0.04402675852179527,0.002987374784424901
0,0_189.wav,0.03867938369512558,0.002567216055467725
0,0_19.wav,0.05745941027998924,0.018786465749144554
0,0_190.wav,0.009405129589140415,0.007617046125233173
0,0_191.wav,0.04035494104027748,0.03840246796607971
0,0_192.wav,0.05900036171078682,0.008470599539577961
0,0_193.wav,0.019655000418424606,0.015354633331298828
0,0_194.wav,0.012182453647255898,0.01561681367456913
0,0_195.wav,0.06034553050994873,0.019359471276402473
0,0_196.wav,0.04426970332860947,0.005980216898024082
0,0_197.wav,0.04116063937544823,0.006831059698015451
0,0_198.wav,0.03476821631193161,0.011314628645777702
0,0_199.wav,0.018595563247799873,0.013462787494063377
0,0_2.wav,0.06488990783691406,0.03017181158065796
0,0_20.wav,0.06350966542959213,0.015315168537199497
0,0_200.wav,0.05189449340105057,0.01843692921102047
0,0_201.wav,0.1202574223279953,0.03448616340756416
0,0_202.wav,0.16441257297992706,0.03866682946681976
0,0_203.wav,0.17804904282093048,0.04026784002780914
0,0_204.wav,0.20197491347789764,0.05918241664767265
0,0_205.wav,0.22336481511592865,0.05261686071753502
0,0_206.wav,0.17464542388916016,0.0370122492313385
0,0_207.wav,0.2262757569551468,0.07261736690998077
0,0_208.wav,0.3131493926048279,0.09222543239593506
0,0_209.wav,0.3079083263874054,0.0817481130361557
0,0_21.wav,0.05138913914561272,0.01008153147995472
0,0_210.wav,0.33074402809143066,0.07203277945518494
0,0_211.wav,0.4193545877933502,0.08488955348730087
0,0_212.wav,0.37373360991477966,0.08122668415307999
0,0_213.wav,0.2563973665237427,0.11443435400724411
0,0_214.wav,0.3801735043525696,0.07356186211109161
0,0_215.wav,0.3566928207874298,0.0632844939827919
0,0_216.wav,0.35562199354171753,0.046155910938978195
0,0_217.wav,0.38305169343948364,0.10093089938163757
0,0_218.wav,0.27958714962005615,0.04286085069179535
0,0_219.wav,0.26940110325813293,0.038411419838666916
0,0_22.wav,0.04403340816497803,0.030383793637156487
0,0_220.wav,0.260958194732666,0.03409334644675255
0,0_221.wav,0.2671457529067993,0.027899213135242462
0,0_222.wav,0.2517448365688324,0.022365225479006767
0,0_223.wav,0.2816392481327057,0.0764504000544548
0,0_224.wav,0.22884619235992432,0.07429362088441849
0,0_225.wav,0.14435571432113647,0.02313588745892048
0,0_226.wav,0.14454513788223267,0.02217230573296547
0,0_227.wav,0.12504318356513977,0.01972520910203457
0,0_228.wav,0.0852181538939476,0.02155151590704918
0,0_229.wav,0.0518217571079731,0.005559767596423626
0,0_23.wav,0.080636166036129,0.032923441380262375
0,0_230.wav,0.025010915473103523,0.01498743798583746
0,0_231.wav,0.03544984012842178,0.016789374873042107
0,0_232.wav,0.04623733088374138,0.008498204872012138
0,0_233.wav,0.035963185131549835,0.010600106790661812
0,0_234.wav,0.06052123382687569,0.010876425541937351
0,0_235.wav,0.04297976568341255,0.012742308899760246
0,0_236.wav,0.0793057456612587,0.0177626833319664
0,0_237.wav,0.05500418692827225,0.012546675279736519
0,0_238.wav,0.07154674828052521,0.030679870396852493
0,0_239.wav,0.09313788264989853,0.023032471537590027
0,0_24.wav,0.06380739063024521,0.02969658374786377
0,0_240.wav,0.09327169507741928,0.014673646539449692
0,0_241.wav,0.10429570078849792,0.020555105060338974
0,0_242.wav,0.09809078276157379,0.015075496397912502
0,0_243.wav,0.08644913882017136,0.013705883175134659
0,0_244.wav,0.07668261975049973,0.007760776672512293
0,0_245.wav,0.07441629469394684,0.009462662972509861
0,0_246.wav,0.0646420493721962,0.009894400835037231
0,0_247.wav,0.06936053931713104,0.014002281241118908
0,0_248.wav,0.035611845552921295,0.013877506367862225
0,0_249.wav,0.02385590225458145,0.012068071402609348
0,0_25.wav,0.06719072163105011,0.011793130077421665
0,0_250.wav,0.0014867433346807957,0.0001895860768854618
0,0_251.wav,0.0014935365179553628,0.00020574913651216775
0,0_252.wav,0.0014404738321900368,0.0001393440179526806
0,0_253.wav,0.0014182121958583593,0.00010927443508990109
0,0_254.wav,0.0014369755517691374,0.00016737784608267248
0,0_255.wav,0.0014807165134698153,0.00016132947348523885
0,0_256.wav,0.001406322349794209,0.00011869260924868286
0,0_257.wav,0.0014165653847157955,0.0001891852734843269
0,0_258.wav,0.001427607610821724,0.00016839848831295967
0,0_259.wav,0.001471616793423891,0.00016382547619286925
0,0_26.wav,0.0641166940331459,0.029667209833860397
0,0_260.wav,0.0003958073502872139,0.00010292475781170651
0,0_261.wav,0.0003541851183399558,8.420446829404682e-05
0,0_262.wav,0.00032013209420256317,6.569323886651546e-05
0,0_263.wav,0.0002992016961798072,5.458366285893135e-05
0,0_264.wav,0.00035598807153292,9.193047299049795e-05
0,0_265.wav,0.00032939534867182374,7.102847303031012e-05
0,0_266.wav,0.00033252357388846576,5.543030783883296e-05
0,0_267.wav,0.00033962869201786816,6.647071131737903e-05
0,0_268.wav,0.000357042474206537,9.568515088176355e-05
0,0_269.wav,0.0003662881499622017,7.24931014701724e-05
0,0_27.wav,0.060174278914928436,0.01970408856868744
0,0_270.wav,0.03136828914284706,0.003145911730825901
0,0_271.wav,0.03012898564338684,0.0025205411948263645
0,0_272.wav,0.03024122305214405,0.003017448354512453
0,0_273.wav,0.030620895326137543,0.00606880709528923
0,0_274.wav,0.030133603140711784,0.0033662368077784777
0,0_275.wav,0.029521837830543518,0.0035412937868386507
0,0_276.wav,0.03151901438832283,0.002594541059806943
0,0_277.wav,0.0340694785118103,0.00287789199501276
0,0_278.wav,0.03102494589984417,0.0032231234945356846
0,0_279.wav,0.030015679076313972,0.003178497077897191
0,0_28.wav,0.04210181161761284,0.017554985359311104
0,0_280.wav,0.030575713142752647,0.0031632480677217245
0,0_281.wav,0.029518047347664833,0.0016224205028265715
0,0_282.wav,0.033903997391462326,0.004192279186099768
0,0_283.wav,0.1303294152021408,0.11811333894729614
0,0_284.wav,0.2377152442932129,0.11625165492296219
0,0_285.wav,0.049077630043029785,0.007723224814981222
0,0_286.wav,0.08961992710828781,0.06468868255615234
0,0_287.wav,0.04422486945986748,0.019823674112558365
0,0_288.wav,0.044412776827812195,0.008248887024819851
0,0_289.wav,0.03999089449644089,0.006252209190279245
0,0_29.wav,0.0308904517441988,0.024830814450979233
0,0_290.wav,0.035176798701286316,0.003340422175824642
0,0_291.wav,0.03450411558151245,0.0027116218116134405
0,0_292.wav,0.033722173422575,0.0027744388207793236
0,0_293.wav,0.03356562554836273,0.0035030280705541372
0,0_294.wav,0.032834574580192566,0.004256999120116234
0,0_295.wav,0.03072584979236126,0.003050784347578883
0,0_296.wav,0.029141072183847427,0.0022322803270071745
0,0_297.wav,0.030069759115576744,0.0026174704544246197
0,0_298.wav,0.0301091019064188,0.0032252655364573
0,0_299.wav,0.031084276735782623,0.0033387073781341314
0,0_3.wav,0.05384901165962219,0.026596039533615112
0,0_30.wav,0.03928119316697121,0.02379000186920166
0,0_300.wav,0.031634505838155746,0.0021987762302160263
0,0_301.wav,0.03264264389872551,0.0026210318319499493
0,0_302.wav,0.03326798230409622,0.0027143864426761866
0,0_303.wav,0.03217422962188721,0.002629990689456463
0,0_304.wav,0.030922794714570045,0.003684032242745161
0,0_305.wav,0.029446573927998543,0.0027452365029603243
0,0_306.wav,0.02942919172346592,0.00243970169685781
0,0_307.wav,0.02994612418115139,0.0031202686950564384
0,0_308.wav,0.04052762687206268,0.012442544102668762
0,0_309.wav,0.10255255550146103,0.02600521221756935
0,0_31.wav,0.13535979390144348,0.0649910718202591
0,0_310.wav,0.0713738277554512,0.016394000500440598
0,0_311.wav,0.048692356795072556,0.007052298169583082
0,0_312.wav,0.044324763119220734,0.004905204754322767
0,0_313.wav,0.04234940558671951,0.0034142762888222933
0,0_314.wav,0.045959487557411194,0.005213309079408646
0,0_315.wav,0.045178305357694626,0.003390154568478465
0,0_316.wav,0.05607381463050842,0.010890337638556957
0,0_317.wav,0.09108244627714157,0.043908052146434784
0,0_318.wav,0.05533900111913681,0.009126031771302223
0,0_319.wav,0.057507261633872986,0.009904313832521439
0,0_32.wav,0.07026462256908417,0.03990332409739494
0,0_320.wav,0.1334477812051773,0.03176827356219292
0,0_321.wav,0.12199568748474121,0.031763672828674316
0,0_322.wav,0.15777461230754852,0.02766219899058342
0,0_323.wav,0.20422963798046112,0.026502111926674843
0,0_324.wav,0.1475425809621811,0.017144430428743362
0,0_325.wav,0.14410340785980225,0.021879611536860466
0,0_326.wav,0.14767515659332275,0.01800811104476452
0,0_327.wav,0.1532801240682602,0.016360897570848465
0,0_328.wav,0.12299267947673798,0.016416354104876518
0,0_329.wav,0.11712878942489624,0.008298810571432114
0,0_33.wav,0.06668393313884735,0.02749663218855858
0,0_330.wav,0.13479362428188324,0.008760837838053703
0,0_331.wav,0.15883715450763702,0.016819609329104424
0,0_332.wav,0.15535219013690948,0.018668076023459435
0,0_333.wav,0.13465288281440735,0.014461041428148746
0,0_334.wav,0.12225943803787231,0.00950735341757536
0,0_335.wav,0.16083359718322754,0.021623525768518448
0,0_336.wav,0.19877958297729492,0.034931592643260956
0,0_337.wav,0.14257578551769257,0.012586011551320553
0,0_338.wav,0.15636710822582245,0.018445122987031937
0,0_339.wav,0.17000293731689453,0.02311863750219345
0,0_34.wav,0.086295485496521,0.008721384219825268
0,0_340.wav,0.11764484643936157,0.01285483967512846
0,0_341.wav,0.11402132362127304,0.01019053440541029
0,0_342.wav,0.11687785387039185,0.011678776703774929
0,0_343.wav,0.11189095675945282,0.008692792616784573
0,0_344.wav,0.09870610386133194,0.01039936300367117
0,0_345.wav,0.0991431176662445,0.009440911002457142
0,0_346.wav,0.10883481800556183,0.01279769279062748
0,0_347.wav,0.11436274647712708,0.012484561651945114
0,0_348.wav,0.13161906599998474,0.020867206156253815
0,0_349.wav,0.13067708909511566,0.01680845580995083
0,0_35.wav,0.07016576826572418,0.04507226124405861
0,0_350.wav,0.15268494188785553,0.04056553542613983
0,0_351.wav,0.11279895156621933,0.014559549279510975
0,0_352.wav,0.10246021300554276,0.013899079523980618
0,0_353.wav,0.08935646712779999,0.011013435199856758
0,0_354.wav,0.09312500059604645,0.015263437293469906
0,0_355.wav,0.07931412756443024,0.010936890728771687
0,0_356.wav,0.09180602431297302,0.011645752005279064
0,0_357.wav,0.09658599644899368,0.008707288652658463
0,0_358.wav,0.11040617525577545,0.009782174602150917
0,0_359.wav,0.157104030251503,0.026289675384759903
0,0_36.wav,0.08165436238050461,0.04366185516119003
0,0_360.wav,0.14222675561904907,0.014682961627840996
0,0_361.wav,0.18855951726436615,0.024764252826571465
0,0_362.wav,0.14433389902114868,0.02764234133064747
0,0_363.wav,0.11155626177787781,0.010015283711254597
0,0_364.wav,0.1374087929725647,0.023716025054454803
0,0_365.wav,0.17689619958400726,0.01989411562681198
0,0_366.wav,0.15851184725761414,0.022355305030941963
0,0_367.wav,0.16906800866127014,0.02109607309103012
0,0_368.wav,0.19442738592624664,0.024205779656767845
0,0_369.wav,0.18599696457386017,0.027823561802506447
0,0_37.wav,0.085974782705307,0.04364011064171791
0,0_370.wav,0.044337403029203415,0.01494974922388792
0,0_371.wav,0.040920983999967575,0.012066088616847992
0,0_372.wav,0.048875391483306885,0.011702420189976692
0,0_373.wav,0.050036557018756866,0.012767561711370945
0,0_374.wav,0.05084360018372536,0.017382051795721054
0,0_375.wav,0.07884009182453156,0.027685975655913353
0,0_376.wav,0.05334256589412689,0.01328611932694912
0,0_377.wav,0.045881237834692,0.018885908648371696
0,0_378.wav,0.05593395605683327,0.024107975885272026
0,0_379.wav,0.06552695482969284,0.021257193759083748
0,0_38.wav,0.08341362327337265,0.03429742157459259
0,0_380.wav,0.05988910794258118,0.019017750397324562
0,0_381.wav,0.06193813681602478,0.01997062750160694
0,0_382.wav,0.059953317046165466,0.013534413650631905
0,0_383.wav,0.04914696887135506,0.013563232496380806
0,0_384.wav,0.04686765745282173,0.01165884267538786
0,0_385.wav,0.04544881731271744,0.011936169117689133
0,0_386.wav,0.05093942955136299,0.020062409341335297
0,0_387.wav,0.047607772052288055,0.012323037721216679
0,0_388.wav,0.04248352721333504,0.012729322537779808
0,0_389.wav,0.04382937774062157,0.013637774623930454
0,0_39.wav,0.05550747737288475,0.04317202419042587
0,0_390.wav,0.05833045393228531,0.024352097883820534
0,0_391.wav,0.05554645508527756,0.020629053935408592
0,0_392.wav,0.055884525179862976,0.01397628802806139
0,0_393.wav,0.06094736233353615,0.023932458832859993
0,0_394.wav,0.04978896304965019,0.01667916774749756
0,0_395.wav,0.05103735998272896,0.012321766465902328
0,0_396.wav,0.04566323757171631,0.011963330209255219
0,0_397.wav,0.05034760385751724,0.012332556769251823
0,0_398.wav,0.049272000789642334,0.011115734465420246
0,0_399.wav,0.06941670179367065,0.01811981201171875
0,0_4.wav,0.05654511973261833,0.01956626959145069
0,0_40.wav,0.08106420189142227,0.034410275518894196
0,0_400.wav,0.049187902361154556,0.011835847981274128
0,0_401.wav,0.041416365653276443,0.013114003464579582
0,0_402.wav,0.04497788846492767,0.010661712847650051
0,0_403.wav,0.04449334740638733,0.013928857631981373
0,0_404.wav,0.04634140431880951,0.012897045351564884
0,0_405.wav,0.053013578057289124,0.012921836227178574
0,0_406.wav,0.06208397448062897,0.01375146210193634
0,0_407.wav,0.03968168795108795,0.011640375480055809
0,0_408.wav,0.05655813217163086,0.014985645189881325
0,0_409.wav,0.047979991883039474,0.011238396167755127
0,0_41.wav,0.08080503344535828,0.04459257423877716
0,0_410.wav,0.050670381635427475,0.011756215244531631
0,0_411.wav,0.04572062939405441,0.013949702493846416
0,0_412.wav,0.05653246492147446,0.02431452088057995
0,0_413.wav,0.04845643788576126,0.012363780289888382
0,0_414.wav,0.041773054748773575,0.01348620094358921
0,0_415.wav,0.047760989516973495,0.01278073713183403
0,0_416.wav,0.04093070700764656,0.012532133609056473
0,0_417.wav,0.04995954409241676,0.013697130605578423
0,0_418.wav,0.048418525606393814,0.011504733003675938
0,0_419.wav,0.049282968044281006,0.013795510865747929
0,0_42.wav,0.13122642040252686,0.09013395756483078
0,0_420.wav,0.0,0.0
0,0_421.wav,0.0,0.0
0,0_422.wav,0.0,0.0
0,0_423.wav,0.0,0.0
0,0_424.wav,0.0,0.0
0,0_425.wav,0.0,0.0
0,0_426.wav,0.0,0.0
0,0_427.wav,0.0,0.0
0,0_428.wav,0.0,0.0
0,0_429.wav,0.0,0.0
0,0_43.wav,0.048212409019470215,0.013301461935043335
0,0_430.wav,0.10067486017942429,0.020358622074127197
0,0_431.wav,0.11878766864538193,0.021921271458268166
0,0_432.wav,0.11713199317455292,0.022909581661224365
0,0_433.wav,0.11479219049215317,0.01573343388736248
0,0_434.wav,0.10776924341917038,0.017041943967342377
0,0_435.wav,0.1108233779668808,0.016683658584952354
0,0_436.wav,0.099726602435112,0.017143893986940384
0,0_437.wav,0.11218605190515518,0.01661377213895321
0,0_438.wav,0.11503854393959045,0.020274974405765533
0,0_439.wav,0.10569779574871063,0.019326770678162575
0,0_44.wav,0.059527795761823654,0.027547786012291908
0,0_440.wav,0.10234075039625168,0.01820707693696022
0,0_441.wav,0.10341481119394302,0.015984417870640755
0,0_442.wav,0.13400879502296448,0.039527688175439835
0,0_443.wav,0.15672947466373444,0.05027681216597557
0,0_444.wav,0.18580177426338196,0.0673663467168808
0,0_445.wav,0.13049277663230896,0.032661739736795425
0,0_446.wav,0.11353857815265656,0.028118206188082695
0,0_447.wav,0.16359131038188934,0.06224125251173973
0,0_448.wav,0.1702292412519455,0.06409148126840591
0,0_449.wav,0.16482537984848022,0.035477593541145325
0,0_45.wav,0.07243263721466064,0.0321379229426384
0,0_450.wav,0.20231899619102478,0.07507043331861496
0,0_451.wav,0.15195661783218384,0.06884163618087769
0,0_452.wav,0.1805373579263687,0.08047061413526535
0,0_453.wav,0.19225463271141052,0.05658482387661934
0,0_454.wav,0.14995671808719635,0.034935202449560165
0,0_455.wav,0.13098180294036865,0.03560221940279007
0,0_456.wav,0.15061624348163605,0.05630001798272133
0,0_457.wav,0.20363499224185944,0.07334757596254349
0,0_458.wav,0.12722112238407135,0.03136127069592476
0,0_459.wav,0.1431938111782074,0.04128950461745262
0,0_46.wav,0.053725164383649826,0.013948345556855202
0,0_460.wav,0.13121230900287628,0.03471611812710762
0,0_461.wav,0.1353001743555069,0.04607262834906578
0,0_462.wav,0.1465933620929718,0.053197186440229416
0,0_463.wav,0.11853078007698059,0.0226722564548254
0,0_464.wav,0.13022781908512115,0.03340460732579231
0,0_465.wav,0.15862126648426056,0.03909706324338913
0,0_466.wav,0.1521124243736267,0.04257234185934067
0,0_467.wav,0.12771475315093994,0.02477131225168705
0,0_468.wav,0.1469864696264267,0.04437006264925003
0,0_469.wav,0.13742725551128387,0.030269524082541466
0,0_47.wav,0.058960750699043274,0.02518652006983757
0,0_470.wav,0.13677921891212463,0.029228711500763893
0,0_471.wav,0.13332410156726837,0.04624995216727257
0,0_472.wav,0.17109522223472595,0.03736270219087601
0,0_473.wav,0.19356118142604828,0.054038792848587036
0,0_474.wav,0.14189518988132477,0.04244888946413994
0,0_475.wav,0.15440072119235992,0.05975508317351341
0,0_476.wav,0.12134324014186859,0.042942553758621216
0,0_477.wav,0.11945168673992157,0.0246548131108284
0,0_478.wav,0.12373533099889755,0.023286761716008186
0,0_479.wav,0.12399817258119583,0.02769693173468113
0,0_48.wav,0.06680642068386078,0.03761095553636551
0,0_480.wav,0.04142516106367111,0.005505671724677086
0,0_481.wav,0.02566181682050228,0.002835891442373395
0,0_482.wav,0.023968439549207687,0.0013168863952159882
0,0_483.wav,0.023990128189325333,0.0013012695126235485
0,0_484.wav,0.02412744052708149,0.001366746029816568
0,0_485.wav,0.024272821843624115,0.0011927855666726828
0,0_486.wav,0.024174561724066734,0.0010514766909182072
0,0_487.wav,0.0244222953915596,0.0012186258099973202
0,0_488.wav,0.02387445792555809,0.0013484499650076032
0,0_489.wav,0.02407163940370083,0.0012054588878527284
0,0_49.wav,0.0613778755068779,0.03180661424994469
0,0_490.wav,0.0239167008548975,0.0011426397832110524
0,0_491.wav,0.024460269138216972,0.0012666481779888272
0,0_492.wav,0.024056406691670418,0.0013272720389068127
0,0_493.wav,0.01676381751894951,0.0013837855076417327
0,0_494.wav,0.015672890469431877,0.00135239923838526
0,0_495.wav,0.01594434678554535,0.0014060302637517452
0,0_496.wav,0.01564263552427292,0.0011735528241842985
0,0_497.wav,0.015530820935964584,0.0011869437294080853
0,0_498.wav,0.015283350832760334,0.0009275697520934045
0,0_499.wav,0.01562158390879631,0.0009713905747048557
0,0_5.wav,0.05630459263920784,0.029425911605358124
0,0_50.wav,0.03617027774453163,0.007746391464024782
0,0_51.wav,0.03749623894691467,0.007776523474603891
0,0_52.wav,0.03654343634843826,0.008287187665700912
0,0_53.wav,0.039760150015354156,0.019053176045417786
0,0_54.wav,0.041497934609651566,0.008763431571424007
0,0_55.wav,0.039424020797014236,0.007650230545550585
0,0_56.wav,0.03969244658946991,0.007906738668680191
0,0_57.wav,0.04233461618423462,0.007989509031176567
0,0_58.wav,0.036940157413482666,0.006131551694124937
0,0_59.wav,0.03651292994618416,0.0062516601756215096
0,0_6.wav,0.05891930311918259,0.01842532493174076
0,0_60.wav,0.037297774106264114,0.012219453230500221
0,0_61.wav,0.03405401110649109,0.005819182842969894
0,0_62.wav,0.03206851705908775,0.010258427821099758
0,0_63.wav,0.03735388442873955,0.009700115770101547
0,0_64.wav,0.03864603862166405,0.007793288677930832
0,0_65.wav,0.03399558737874031,0.0052419076673686504
0,0_66.wav,0.034249961376190186,0.009355228394269943
0,0_67.wav,0.037678029388189316,0.009431309998035431
0,0_68.wav,0.043884873390197754,0.008916459046304226
0,0_69.wav,0.04161090776324272,0.007890968583524227
0,0_7.wav,0.056652240455150604,0.022347282618284225
0,0_70.wav,0.03193133696913719,0.011142582632601261
0,0_71.wav,0.03713318333029747,0.009485114365816116
0,0_72.wav,0.03552059084177017,0.006379355676472187
0,0_73.wav,0.03509288281202316,0.007791056297719479
0,0_74.wav,0.03944264352321625,0.008082173764705658
0,0_75.wav,0.03635371848940849,0.010113215073943138
0,0_76.wav,0.03749651089310646,0.009197759442031384
0,0_77.wav,0.031825125217437744,0.006453207693994045
0,0_78.wav,0.030525440350174904,0.008170767687261105
0,0_79.wav,0.03355268016457558,0.010274485684931278
0,0_8.wav,0.055072467774152756,0.016556967049837112
0,0_80.wav,0.03329543396830559,0.006278079468756914
0,0_81.wav,0.04131023958325386,0.0110130924731493
0,0_82.wav,0.04495564475655556,0.013665285892784595
0,0_83.wav,0.03745540976524353,0.006028033327311277
0,0_84.wav,0.041180726140737534,0.010988269001245499
0,0_85.wav,0.03504928946495056,0.007181276101619005
0,0_86.wav,0.03906460106372833,0.007978551089763641
0,0_87.wav,0.04034736007452011,0.006677313707768917
0,0_88.wav,0.05551982298493385,0.02296445518732071
0,0_89.wav,0.04086564481258392,0.005943192169070244
0,0_9.wav,0.06391192227602005,0.016925839707255363
0,0_90.wav,0.038457415997982025,0.007070443592965603
0,0_91.wav,0.030937539413571358,0.0052480935119092464
0,0_92.wav,0.03324907645583153,0.00674197543412447
0,0_93.wav,0.03471851348876953,0.005759857594966888
0,0_94.wav,0.035836633294820786,0.00821951124817133
0,0_95.wav,0.03786488622426987,0.007066209334880114
0,0_96.wav,0.041163619607686996,0.009382440708577633
0,0_97.wav,0.037823110818862915,0.007478632498532534
0,0_98.wav,0.04433990642428398,0.007389592006802559
0,0_99.wav,0.04770093038678169,0.008301552385091782
1,1_0.wav,0.06587286293506622,0.05423308163881302
1,1_1.wav,0.02670476585626602,0.04122094064950943
1,1_10.wav,0.07394061982631683,0.06077681481838226
1,1_100.wav,0.03459804132580757,0.026718437671661377
1,1_101.wav,0.03221313655376434,0.01422313041985035
1,1_102.wav,0.019104110077023506,0.016515720635652542
1,1_103.wav,0.03532479703426361,0.010408109053969383
1,1_104.wav,0.007505429442971945,0.005078132264316082
1,1_105.wav,0.02527363784611225,0.019946962594985962
1,1_106.wav,0.022582100704312325,0.018852608278393745
1,1_107.wav,0.019333701580762863,0.018121210858225822
1,1_108.wav,0.022633112967014313,0.008995370008051395
1,1_109.wav,0.03606538474559784,0.010973525233566761
1,1_11.wav,0.10174939036369324,0.05657064914703369
1,1_110.wav,0.01589537225663662,0.017722677439451218
1,1_111.wav,0.024984801188111305,0.019983507692813873
1,1_112.wav,0.02175171487033367,0.02102438174188137
1,1_113.wav,0.07038390636444092,0.010895846411585808
1,1_114.wav,0.00633650878444314,0.012387758120894432
1,1_115.wav,0.058194611221551895,0.019060293212532997
1,1_116.wav,0.05032448098063469,0.038189493119716644
1,1_117.wav,0.008296036161482334,0.010935002937912941
1,1_118.wav,0.0527765229344368,0.013474937528371811
1,1_119.wav,0.02589886076748371,0.028967952355742455
1,1_12.wav,0.03086673654615879,0.04221082106232643
1,1_120.wav,0.014332006685435772,0.014217562042176723
1,1_121.wav,0.06784453988075256,0.014044196344912052
1,1_122.wav,0.005163190420717001,0.01024687010794878
1,1_123.wav,0.04428812861442566,0.019338347017765045
1,1_124.wav,0.046071652323007584,0.02762594074010849
1,1_125.wav,0.011745860800147057,0.01283213123679161
1,1_126.wav,0.06789413839578629,0.011232043616473675
1,1_127.wav,0.029177747666835785,0.031199414283037186
1,1_128.wav,0.03987361118197441,0.025275057181715965
1,1_129.wav,0.0897325649857521,0.01859939470887184
1,1_13.wav,0.040405407547950745,0.05979714170098305
1,1_130.wav,0.036894291639328,0.028152603656053543
1,1_131.wav,0.07033485919237137,0.039850227534770966
1,1_132.wav,0.01372496411204338,0.016188619658350945
1,1_133.wav,0.0889156237244606,0.012354355305433273
1,1_134.wav,0.02519414946436882,0.033750519156455994
1,1_135.wav,0.0322871096432209,0.03217589110136032
1,1_136.wav,0.09707861393690109,0.016965599730610847
1,1_137.wav,0.05880589783191681,0.04415496811270714
1,1_138.wav,0.06999073922634125,0.035727232694625854
1,1_139.wav,0.02798924595117569,0.004731845576316118
1,1_14.wav,0.10376554727554321,0.08317998051643372
1,1_140.wav,0.07757304608821869,0.05417663976550102
1,1_141.wav,0.09604384005069733,0.031003907322883606
1,1_142.wav,0.12518617510795593,0.0577816441655159
1,1_143.wav,0.08720269054174423,0.05003613606095314
1,1_144.wav,0.08776973932981491,0.025176208466291428
1,1_145.wav,0.12731634080410004,0.0688197985291481
1,1_146.wav,0.13964048027992249,0.06971029192209244
1,1_147.wav,0.17298462986946106,0.07161654531955719
1,1_148.wav,0.1192721277475357,0.07905924320220947
1,1_149.wav,0.19981993734836578,0.02510046400129795
1,1_15.wav,0.11880762875080109,0.04698760062456131
1,1_150.wav,0.10586744546890259,0.06292614340782166
1,1_151.wav,0.16886769235134125,0.01703105866909027
1,1_152.wav,0.11979532986879349,0.06687678396701813
1,1_153.wav,0.1681501567363739,0.06642507016658783
1,1_154.wav,0.15645712614059448,0.08299712836742401
1,1_155.wav,0.14370501041412354,0.0853920429944992
1,1_156.wav,0.20274792611598969,0.05215166509151459
1,1_157.wav,0.10147953033447266,0.06602850556373596
1,1_158.wav,0.20941264927387238,0.019625699147582054
1,1_159.wav,0.120711550116539,0.0824940875172615
1,1_16.wav,0.0325537733733654,0.04826236143708229
1,1_160.wav,0.20185987651348114,0.0198421198874712
1,1_161.wav,0.12440355122089386,0.09044976532459259
1,1_162.wav,0.18313352763652802,0.03727266192436218
1,1_163.wav,0.11190417408943176,0.06916143000125885
1,1_164.wav,0.11415661126375198,0.059486955404281616
1,1_165.wav,0.17643879354000092,0.06019064784049988
1,1_166.wav,0.10802485048770905,0.06546004116535187
1,1_167.wav,0.15228043496608734,0.026508547365665436
1,1_168.wav,0.08338131010532379,0.04789076745510101
1,1_169.wav,0.15719816088676453,0.019723469391465187
1,1_17.wav,0.08815984427928925,0.06782026588916779
1,1_170.wav,0.11482428759336472,0.08489551395177841
1,1_171.wav,0.20041941106319427,0.03995849937200546
1,1_172.wav,0.10169169306755066,0.06756782531738281
1,1_173.wav,0.15751498937606812,0.0633818507194519
1,1_174.wav,0.16483084857463837,0.08501692861318588
1,1_175.wav,0.1352137178182602,0.07135356962680817
1,1_176.wav,0.17784899473190308,0.07514346390962601
1,1_177.wav,0.08263181895017624,0.04638533666729927
1,1_178.wav,0.17328216135501862,0.01941475085914135
1,1_179.wav,0.10299067944288254,0.07438736408948898
1,1_18.wav,0.03109849989414215,0.02480783499777317
1,1_180.wav,0.21913257241249084,0.026050876826047897
1,1_181.wav,0.12434801459312439,0.08027739077806473
1,1_182.wav,0.16621939837932587,0.09202330559492111
1,1_183.wav,0.16816575825214386,0.06347662210464478
1,1_184.wav,0.10108940303325653,0.057128094136714935
1,1_185.wav,0.143076092004776,0.026703260838985443
1,1_186.wav,0.10173497349023819,0.05190334841609001
1,1_187.wav,0.23945125937461853,0.036947011947631836
1,1_188.wav,0.13400623202323914,0.08981239050626755
1,1_189.wav,0.23883095383644104,0.02424609661102295
1,1_19.wav,0.00954704824835062,0.006815325003117323
1,1_190.wav,0.10530942678451538,0.0695025697350502
1,1_191.wav,0.20764397084712982,0.026199383661150932
1,1_192.wav,0.12403979152441025,0.0753680020570755
1,1_193.wav,0.1904924064874649,0.03732342645525932
1,1_194.wav,0.14057669043540955,0.08623926341533661
1,1_195.wav,0.1638006716966629,0.08935849368572235
1,1_196.wav,0.196991965174675,0.07817970961332321
1,1_197.wav,0.21316029131412506,0.028242111206054688
1,1_198.wav,0.14436402916908264,0.06964939832687378
1,1_199.wav,0.20308464765548706,0.07077286392450333
1,1_2.wav,0.10945828258991241,0.05428118258714676
1,1_20.wav,0.028874272480607033,0.024255380034446716
1,1_200.wav,0.2147548794746399,0.09672485291957855
1,1_201.wav,0.17943303287029266,0.08018122613430023
1,1_202.wav,0.19388876855373383,0.03932010382413864
1,1_203.wav,0.11497966945171356,0.06314048916101456
1,1_204.wav,0.23385244607925415,0.05079440027475357
1,1_205.wav,0.14815033972263336,0.10135554522275925
1,1_206.wav,0.17180365324020386,0.10578634589910507
1,1_207.wav,0.195177361369133,0.07148884981870651
1,1_208.wav,0.12343154102563858,0.08439432829618454
1,1_209.wav,0.20428745448589325,0.022485507652163506
1,1_21.wav,0.016551855951547623,0.02353697270154953
1,1_210.wav,0.12672215700149536,0.09340792894363403
1,1_211.wav,0.1724628359079361,0.08848701417446136
1,1_212.wav,0.18031662702560425,0.0752844586968422
1,1_213.wav,0.11371573060750961,0.06847924739122391
1,1_214.wav,0.26172053813934326,0.05821853131055832
1,1_215.wav,0.12113506346940994,0.08029138296842575
1,1_216.wav,0.21694627404212952,0.02830342762172222
1,1_217.wav,0.12466871738433838,0.08779336512088776
1,1_218.wav,0.1719796061515808,0.08107957988977432
1,1_219.wav,0.17035417258739471,0.07834220677614212
1,1_22.wav,0.033763784915208817,0.013254638761281967
1,1_220.wav,0.27041247487068176,0.10340019315481186
1,1_221.wav,0.24074313044548035,0.14679744839668274
1,1_222.wav,0.22757309675216675,0.1577998846769333
1,1_223.wav,0.3364563286304474,0.07326056808233261
1,1_224.wav,0.2223726212978363,0.15199896693229675
1,1_225.wav,0.23079036176204681,0.1667620837688446
1,1_226.wav,0.35096755623817444,0.04893820732831955
1,1_227.wav,0.2043253779411316,0.1387617141008377
1,1_228.wav,0.2994357943534851,0.14418478310108185
1,1_229.wav,0.2589985728263855,0.12159334868192673
1,1_23.wav,0.01757991500198841,0.01033673994243145
1,1_230.wav,0.17620322108268738,0.11206582188606262
1,1_231.wav,0.34264272451400757,0.04832278564572334
1,1_232.wav,0.17090299725532532,0.11687081307172775
1,1_233.wav,0.3286822438240051,0.04310930520296097
1,1_234.wav,0.1761380285024643,0.12235037982463837
1,1_235.wav,0.2435014545917511,0.1366846114397049
1,1_236.wav,0.2624322175979614,0.12692327797412872
1,1_237.wav,0.17512337863445282,0.13891488313674927
1,1_238.wav,0.2992786169052124,0.057023078203201294
1,1_239.wav,0.1826799213886261,0.1359223574399948
1,1_24.wav,0.03193052485585213,0.02885717712342739
1,1_240.wav,0.23242199420928955,0.11972789466381073
1,1_241.wav,0.26094383001327515,0.11543747782707214
1,1_242.wav,0.17331719398498535,0.12926743924617767
1,1_243.wav,0.335715115070343,0.038227103650569916
1,1_244.wav,0.20473305881023407,0.14934729039669037
1,1_245.wav,0.2125469148159027,0.15261994302272797
1,1_246.wav,0.3390704095363617,0.05375359207391739
1,1_247.wav,0.17568127810955048,0.12790094316005707
1,1_248.wav,0.23343102633953094,0.14556042850017548
1,1_249.wav,0.2957635223865509,0.09881388396024704
1,1_25.wav,0.03347723186016083,0.01189276110380888
1,1_250.wav,0.16540314257144928,0.1223803386092186
1,1_251.wav,0.23383629322052002,0.11880241334438324
1,1_252.wav,0.26998406648635864,0.10183264315128326
1,1_253.wav,0.2082325965166092,0.1463245153427124
1,1_254.wav,0.23042286932468414,0.16942854225635529
1,1_255.wav,0.36474981904029846,0.04277809336781502
1,1_256.wav,0.1943245679140091,0.14318905770778656
1,1_257.wav,0.27271077036857605,0.16948732733726501
1,1_258.wav,0.322719931602478,0.10661101341247559
1,1_259.wav,0.20338675379753113,0.1415761113166809
1,1_26.wav,0.018835188820958138,0.0217722337692976
1,1_260.wav,0.03957907855510712,0.01751524768769741
1,1_261.wav,0.03709464520215988,0.01929832622408867
1,1_262.wav,0.03290203958749771,0.012941976077854633
1,1_263.wav,0.06689689308404922,0.0109401885420084
1,1_264.wav,0.04200362041592598,0.011799333617091179
1,1_265.wav,0.039610665291547775,0.021479783579707146
1,1_266.wav,0.056501224637031555,0.02546403370797634
1,1_267.wav,0.019426316022872925,0.016134165227413177
1,1_268.wav,0.08112320303916931,0.03099401481449604
1,1_269.wav,0.01645851694047451,0.011626097373664379
1,1_27.wav,0.022774389013648033,0.013619760051369667
1,1_270.wav,0.06570069491863251,0.03089851327240467
1,1_271.wav,0.04418365657329559,0.03291034325957298
1,1_272.wav,0.07521016150712967,0.03474186733365059
1,1_273.wav,0.036869462579488754,0.009389025159180164
1,1_274.wav,0.07830487191677094,0.029877744615077972
1,1_275.wav,0.020489895716309547,0.012027688324451447
1,1_276.wav,0.04944335296750069,0.016431180760264397
1,1_277.wav,0.027532368898391724,0.01417924091219902
1,1_278.wav,0.02753382734954357,0.011981338262557983
1,1_279.wav,0.026171907782554626,0.024531403556466103
1,1_28.wav,0.02952006086707115,0.020480141043663025
1,1_280.wav,0.02704179473221302,0.020084500312805176
1,1_281.wav,0.024919766932725906,0.016674866899847984
1,1_282.wav,0.023572241887450218,0.012614144012331963
1,1_283.wav,0.03473638370633125,0.04167230799794197
1,1_284.wav,0.03841952607035637,0.022120077162981033
1,1_285.wav,0.09358657896518707,0.03021206147968769
1,1_286.wav,0.12257702648639679,0.061480823904275894
1,1_287.wav,0.08732298761606216,0.05015755444765091
1,1_288.wav,0.08765511959791183,0.025259969756007195
1,1_289.wav,0.12658558785915375,0.06934341788291931
1,1_29.wav,0.02619006484746933,0.0180086400359869
1,1_290.wav,0.1403053253889084,0.06932129710912704
1,1_291.wav,0.17197535932064056,0.07269404828548431
1,1_292.wav,0.1178644672036171,0.08041843771934509
1,1_293.wav,0.1972934603691101,0.023626068606972694
1,1_294.wav,0.10427060723304749,0.06570857018232346
1,1_295.wav,0.1683584302663803,0.01716194674372673
1,1_296.wav,0.1065664291381836,0.07485997676849365
1,1_297.wav,0.1658647656440735,0.06613825261592865
1,1_298.wav,0.1518198698759079,0.08404313027858734
1,1_299.wav,0.1429549604654312,0.08639443665742874
1,1_3.wav,0.06452243775129318,0.04362355172634125
1,1_30.wav,0.025729941204190254,0.019648989662528038
1,1_300.wav,0.20182794332504272,0.052945397794246674
1,1_301.wav,0.09837083518505096,0.0691961869597435
1,1_302.wav,0.20760907232761383,0.021785888820886612
1,1_303.wav,0.11845239996910095,0.08453694730997086
1,1_304.wav,0.2016918957233429,0.020127540454268456
1,1_305.wav,0.12196531891822815,0.09311428666114807
1,1_306.wav,0.18295235931873322,0.0374734066426754
1,1_307.wav,0.10933604091405869,0.07082310318946838
1,1_308.wav,0.11330604553222656,0.0627259686589241
1,1_309.wav,0.17462372779846191,0.06314877420663834
1,1_31.wav,0.03583526238799095,0.018185624852776527
1,1_310.wav,0.10695254802703857,0.06771557033061981
1,1_311.wav,0.1521231234073639,0.02682618424296379
1,1_312.wav,0.0818217545747757,0.04984842985868454
1,1_313.wav,0.15672336518764496,0.021279145032167435
1,1_314.wav,0.11126279085874557,0.08658343553543091
1,1_315.wav,0.20217187702655792,0.03680024296045303
1,1_316.wav,0.045089270919561386,0.039363764226436615
1,1_317.wav,0.1003543958067894,0.029773728922009468
1,1_318.wav,0.0366201251745224,0.03184700757265091
1,1_319.wav,0.05366070568561554,0.01645359955728054
1,1_32.wav,0.024925701320171356,0.0078529492020607
1,1_320.wav,0.08530370891094208,0.06330429017543793
1,1_321.wav,0.057274457067251205,0.055800631642341614
1,1_322.wav,0.08357943594455719,0.049194708466529846
1,1_323.wav,0.10554484277963638,0.04007285460829735
1,1_324.wav,0.018269585445523262,0.017145808786153793
1,1_325.wav,0.06736613810062408,0.032016582787036896
1,1_326.wav,0.0846889391541481,0.023790502920746803
1,1_327.wav,0.044782258570194244,0.026104938238859177
1,1_328.wav,0.06256604939699173,0.03225484862923622
1,1_329.wav,0.011930270120501518,0.014501791447401047
1,1_33.wav,0.031592898070812225,0.023775296285748482
1,1_330.wav,0.027379654347896576,0.013990760780870914
1,1_331.wav,0.07362034171819687,0.041540879756212234
1,1_332.wav,0.04893167316913605,0.02086832746863365
1,1_333.wav,0.07849621027708054,0.0264806617051363
1,1_334.wav,0.03799634054303169,0.026893919333815575
1,1_335.wav,0.05552780255675316,0.045024946331977844
1,1_336.wav,0.06361149996519089,0.03586076572537422
1,1_337.wav,0.07573913037776947,0.053338032215833664
1,1_338.wav,0.09222075343132019,0.030981769785284996
1,1_339.wav,0.12330429255962372,0.06121214106678963
1,1_34.wav,0.033407196402549744,0.0078118946403265
1,1_340.wav,0.08599479496479034,0.04914099723100662
1,1_341.wav,0.0872507318854332,0.025440234690904617
1,1_342.wav,0.12699772417545319,0.06904508918523788
1,1_343.wav,0.1387554407119751,0.07047916948795319
1,1_344.wav,0.17260824143886566,0.07149253785610199
1,1_345.wav,0.11825033277273178,0.07958818227052689
1,1_346.wav,0.1963508576154709,0.026120806112885475
1,1_347.wav,0.1040692925453186,0.0649619847536087
1,1_348.wav,0.16790901124477386,0.017934558913111687
1,1_349.wav,0.10721783339977264,0.07504790276288986
1,1_35.wav,0.0346793457865715,0.029698332771658897
1,1_350.wav,0.16365982592105865,0.06767276674509048
1,1_351.wav,0.15297667682170868,0.08326089382171631
1,1_352.wav,0.1409515142440796,0.08641652017831802
1,1_353.wav,0.2017417848110199,0.05215541645884514
1,1_354.wav,0.09858124703168869,0.06847766041755676
1,1_355.wav,0.20790500938892365,0.02007860504090786
1,1_356.wav,0.11815984547138214,0.08408384025096893
1,1_357.wav,0.20067590475082397,0.020897356793284416
1,1_358.wav,0.12222710996866226,0.09294869750738144
1,1_359.wav,0.18129561841487885,0.03969902545213699
1,1_36.wav,0.02822805941104889,0.01370342168956995
1,1_360.wav,0.10987907648086548,0.0707639679312706
1,1_361.wav,0.11163311451673508,0.06326562911272049
1,1_362.wav,0.17532990872859955,0.061557576060295105
1,1_363.wav,0.10653440654277802,0.06706418097019196
1,1_364.wav,0.15162768959999084,0.02723672240972519
1,1_365.wav,0.08153882622718811,0.04973585531115532
1,1_366.wav,0.15645389258861542,0.020899973809719086
1,1_367.wav,0.11247136443853378,0.08674128353595734
1,1_368.wav,0.2718476951122284,0.11070133745670319
1,1_369.wav,0.2435564249753952,0.15386834740638733
1,1_37.wav,0.03902579843997955,0.029517903923988342
1,1_370.wav,0.22480633854866028,0.1720920205116272
1,1_371.wav,0.3494962453842163,0.08503662794828415
1,1_372.wav,0.22128137946128845,0.16468021273612976
1,1_373.wav,0.23289251327514648,0.18081580102443695
1,1_374.wav,0.36089780926704407,0.05867491662502289
1,1_375.wav,0.20361176133155823,0.15031595528125763
1,1_376.wav,0.3042427897453308,0.15461811423301697
1,1_377.wav,0.26123175024986267,0.12890903651714325
1,1_378.wav,0.16962961852550507,0.11814238131046295
1,1_379.wav,0.35439226031303406,0.05352123826742172
1,1_38.wav,0.03294580429792404,0.02185407280921936
1,1_380.wav,0.16316543519496918,0.12700001895427704
1,1_381.wav,0.32810041308403015,0.04992036148905754
1,1_382.wav,0.17255042493343353,0.1301872730255127
1,1_383.wav,0.24071566760540009,0.14131711423397064
1,1_384.wav,0.26159706711769104,0.12760086357593536
1,1_385.wav,0.17477132380008698,0.13981343805789948
1,1_386.wav,0.29915910959243774,0.057343628257513046
1,1_387.wav,0.1819562315940857,0.1378811001777649
1,1_388.wav,0.22964398562908173,0.12241267412900925
1,1_389.wav,0.26141244173049927,0.11861325055360794
1,1_39.wav,0.021908404305577278,0.013398602604866028
1,1_390.wav,0.17348456382751465,0.1315997987985611
1,1_391.wav,0.3358655571937561,0.042100876569747925
1,1_392.wav,0.1432298868894577,0.05464377626776695
1,1_393.wav,0.12858298420906067,0.09048120677471161
1,1_394.wav,0.07539073377847672,0.033385612070560455
1,1_395.wav,0.11656830459833145,0.07447002828121185
1,1_396.wav,0.12347128242254257,0.05239273980259895
1,1_397.wav,0.09663646668195724,0.05948580056428909
1,1_398.wav,0.11820100992918015,0.05227038636803627
1,1_399.wav,0.19116263091564178,0.0812520980834961
1,1_4.wav,0.08242272585630417,0.045260876417160034
1,1_40.wav,0.023035524412989616,0.013292966410517693
1,1_400.wav,0.04162612557411194,0.028278253972530365
1,1_401.wav,0.06902880221605301,0.03976459428668022
1,1_402.wav,0.08643569052219391,0.046805355697870255
1,1_403.wav,0.09840726107358932,0.039069198071956635
1,1_404.wav,0.0723370686173439,0.049840573221445084
1,1_405.wav,0.06580551713705063,0.027336809784173965
1,1_406.wav,0.0805307999253273,0.043611444532871246
1,1_407.wav,0.10261032730340958,0.047240689396858215
1,1_408.wav,0.069823257625103,0.04682963714003563
1,1_409.wav,0.07588318735361099,0.02886519767343998
1,1_41.wav,0.015833845362067223,0.015959957614541054
1,1_410.wav,0.12168349325656891,0.05755240470170975
1,1_411.wav,0.12636657059192657,0.06616350263357162
1,1_412.wav,0.12649886310100555,0.08744573593139648
1,1_413.wav,0.08564714342355728,0.062417931854724884
1,1_414.wav,0.14041464030742645,0.08589401841163635
1,1_415.wav,0.14034132659435272,0.04839618504047394
1,1_416.wav,0.0981295183300972,0.07164942473173141
1,1_417.wav,0.06701739132404327,0.033687129616737366
1,1_418.wav,0.06216798350214958,0.03761390969157219
1,1_419.wav,0.05993087589740753,0.0384041965007782
1,1_42.wav,0.0306390393525362,0.010978996753692627
1,1_420.wav,0.051980987191200256,0.03259449824690819
1,1_421.wav,0.04626204073429108,0.030990472063422203
1,1_422.wav,0.1259591430425644,0.029667705297470093
1,1_423.wav,0.0682949498295784,0.04900617152452469
1,1_424.wav,0.143168643116951,0.05818801745772362
1,1_425.wav,0.04006471484899521,0.024593302980065346
1,1_426.wav,0.13659848272800446,0.02554936893284321
1,1_427.wav,0.06997211277484894,0.05439743027091026
1,1_428.wav,0.153089240193367,0.032788362354040146
1,1_429.wav,0.0830194279551506,0.059844326227903366
1,1_43.wav,0.01342312153428793,0.008957712911069393
1,1_430.wav,0.12069129943847656,0.06437735259532928
1,1_431.wav,0.08676278591156006,0.034599095582962036
1,1_432.wav,0.05272640660405159,0.02901507169008255
1,1_433.wav,0.07264883816242218,0.027527786791324615
1,1_434.wav,0.04651278257369995,0.030701493844389915
1,1_435.wav,0.10023438930511475,0.03519905358552933
1,1_436.wav,0.05517173931002617,0.033188339322805405
1,1_437.wav,0.12319408357143402,0.023903116583824158
1,1_438.wav,0.06376010179519653,0.03384223207831383
1,1_439.wav,0.10261765122413635,0.03063562698662281
1,1_44.wav,0.009610285982489586,0.008731549605727196
1,1_440.wav,0.028082873672246933,0.014770754612982273
1,1_441.wav,0.03026646561920643,0.01996825821697712
1,1_442.wav,0.06762591004371643,0.02671496570110321
1,1_443.wav,0.027912134304642677,0.017098577693104744
1,1_444.wav,0.04251572862267494,0.019385555759072304
1,1_445.wav,0.04037008062005043,0.02104194276034832
1,1_446.wav,0.03387252241373062,0.02661677822470665
1,1_447.wav,0.0558425672352314,0.024816980585455894
1,1_448.wav,0.04535847157239914,0.025724705308675766
1,1_449.wav,0.051111236214637756,0.026597877964377403
1,1_45.wav,0.043101195245981216,0.022867586463689804
1,1_450.wav,0.03196905553340912,0.013598674908280373
1,1_451.wav,0.035268574953079224,0.019790589809417725
1,1_452.wav,0.04237716272473335,0.035431187599897385
1,1_453.wav,0.07196852564811707,0.025212256237864494
1,1_454.wav,0.029833031818270683,0.02232532948255539
1,1_455.wav,0.027632299810647964,0.02405436336994171
1,1_456.wav,0.01467549055814743,0.01496008038520813
1,1_457.wav,0.055271316319704056,0.011384901590645313
1,1_458.wav,0.015867404639720917,0.01092788390815258
1,1_459.wav,0.03827905282378197,0.022563310340046883
1,1_46.wav,0.029693640768527985,0.023795409128069878
1,1_460.wav,0.05527343600988388,0.026102906093001366
1,1_461.wav,0.01698683761060238,0.014369668439030647
1,1_462.wav,0.02720046229660511,0.005994089879095554
1,1_463.wav,0.016855765134096146,0.017359966412186623
1,1_464.wav,0.08103326708078384,0.031236059963703156
1,1_465.wav,0.012714812532067299,0.012988234870135784
1,1_466.wav,0.06377233564853668,0.032533466815948486
1,1_467.wav,0.04241745173931122,0.03466975316405296
1,1_468.wav,0.019655512645840645,0.019086861982941628
1,1_469.wav,0.07440880686044693,0.03480197489261627
1,1_47.wav,0.016189783811569214,0.01279930118471384
1,1_470.wav,0.02706829458475113,0.03619026765227318
1,1_471.wav,0.03513699769973755,0.009239348582923412
1,1_472.wav,0.020348379388451576,0.020292961969971657
1,1_473.wav,0.05494266003370285,0.019082017242908478
1,1_474.wav,0.014226509258151054,0.008947290480136871
1,1_475.wav,0.0729115679860115,0.060831137001514435
1,1_476.wav,0.15079204738140106,0.05506844073534012
1,1_477.wav,0.09673435986042023,0.05544190853834152
1,1_478.wav,0.14117200672626495,0.07675211876630783
1,1_479.wav,0.10285024344921112,0.05256156250834465
1,1_48.wav,0.02429000660777092,0.006517662666738033
1,1_480.wav,0.1593969166278839,0.09498648345470428
1,1_481.wav,0.10632489621639252,0.04711902141571045
1,1_482.wav,0.11803090572357178,0.06969660520553589
1,1_483.wav,0.1622738540172577,0.020240183919668198
1,1_484.wav,0.11259760707616806,0.07092873752117157
1,1_485.wav,0.1396089792251587,0.05574747547507286
1,1_486.wav,0.012729506008327007,0.014574418775737286
1,1_487.wav,0.00894781481474638,0.006206149701029062
1,1_488.wav,0.009947746992111206,0.007676851470023394
1,1_489.wav,0.04902702569961548,0.012287409976124763
1,1_49.wav,0.02236320823431015,0.01810571551322937
1,1_490.wav,0.04888283088803291,0.023715699091553688
1,1_491.wav,0.061205122619867325,0.020920168608427048
1,1_492.wav,0.03821742907166481,0.016688689589500427
1,1_493.wav,0.03951527550816536,0.012220630422234535
1,1_494.wav,0.029358305037021637,0.019530661404132843
1,1_495.wav,0.03420614078640938,0.012610222212970257
1,1_496.wav,0.03593562915921211,0.015418896451592445
1,1_497.wav,0.03105240873992443,0.010427198372781277
1,1_498.wav,0.030669428408145905,0.0058739930391311646
1,1_499.wav,0.020753726363182068,0.012966583482921124
1,1_5.wav,0.017522946000099182,0.026644829660654068
1,1_50.wav,0.03018229827284813,0.011437238194048405
1,1_51.wav,0.03031717985868454,0.011696327477693558
1,1_52.wav,0.0228872112929821,0.006135136820375919
1,1_53.wav,0.029607700183987617,0.02650565281510353
1,1_54.wav,0.02334805764257908,0.01654536835849285
1,1_55.wav,0.021972496062517166,0.015045469626784325
1,1_56.wav,0.02808312326669693,0.013906223699450493
1,1_57.wav,0.020533712580800056,0.01924062892794609
1,1_58.wav,0.021524518728256226,0.016076425090432167
1,1_59.wav,0.021768085658550262,0.015561158768832684
1,1_6.wav,0.06984532624483109,0.05479082465171814
1,1_60.wav,0.019524015486240387,0.008540854789316654
1,1_61.wav,0.03354022279381752,0.009146148338913918
1,1_62.wav,0.013384442776441574,0.01646982692182064
1,1_63.wav,0.02578500658273697,0.01666676625609398
1,1_64.wav,0.011754026636481285,0.01343271043151617
1,1_65.wav,0.03164442256093025,0.0290435291826725
1,1_66.wav,0.020015031099319458,0.02461792156100273
1,1_67.wav,0.02892807498574257,0.021709641441702843
1,1_68.wav,0.018208077177405357,0.02193492278456688
1,1_69.wav,0.029142938554286957,0.010387261398136616
1,1_7.wav,0.018962346017360687,0.03695007413625717
1,1_70.wav,0.021084215492010117,0.0061891283839941025
1,1_71.wav,0.041669394820928574,0.02675117924809456
1,1_72.wav,0.0326046422123909,0.017981911078095436
1,1_73.wav,0.020527755841612816,0.023519393056631088
1,1_74.wav,0.028293782845139503,0.012815754860639572
1,1_75.wav,0.025145621970295906,0.013606487773358822
1,1_76.wav,0.02619645744562149,0.02222331613302231
1,1_77.wav,0.033836934715509415,0.018405862152576447
1,1_78.wav,0.04059981554746628,0.010799785144627094
1,1_79.wav,0.0406075194478035,0.019113533198833466
1,1_8.wav,0.13272668421268463,0.05480346083641052
1,1_80.wav,0.027929721400141716,0.006584742572158575
1,1_81.wav,0.028265919536352158,0.026852723211050034
1,1_82.wav,0.02263185754418373,0.012758495286107063
1,1_83.wav,0.025965943932533264,0.02408052235841751
1,1_84.wav,0.04641669988632202,0.02151922881603241
1,1_85.wav,0.04816753417253494,0.02722078002989292
1,1_86.wav,0.028010064736008644,0.020215025171637535
1,1_87.wav,0.04003666713833809,0.01590069942176342
1,1_88.wav,0.037414126098155975,0.018047314137220383
1,1_89.wav,0.03287076577544212,0.010633883066475391
1,1_9.wav,0.06396269053220749,0.07281994819641113
1,1_90.wav,0.02261056751012802,0.012265495955944061
1,1_91.wav,0.03833060711622238,0.034366291016340256
1,1_92.wav,0.024074269458651543,0.005577559117227793
1,1_93.wav,0.045900989323854446,0.009702104143798351
1,1_94.wav,0.012485557235777378,0.010645703412592411
1,1_95.wav,0.03609069064259529,0.012738015502691269
1,1_96.wav,0.02887343056499958,0.010494468733668327
1,1_97.wav,0.015500814653933048,0.017240213230252266
1,1_98.wav,0.029428277164697647,0.010743407532572746
1,1_99.wav,0.02187422476708889,0.009787906892597675
